{"cameraMode":{"drawMode":0,"name":"Shaded","section":"Shading Mode"},"sceneLighting":true,"audioPlay":false,"sceneViewState":{"m_AlwaysRefresh":false,"showFog":true,"showSkybox":true,"showFlares":true,"showImageEffects":true,"showParticleSystems":true,"showVisualEffectGraphs":true,"m_FxEnabled":true},"in2DMode":false,"pivot":{"x":1.1483421325683594,"y":-0.20060348510742188,"z":2.682915210723877},"rotation":{"x":-0.2558789551258087,"y":0.39966705441474917,"z":-0.11722718924283982,"w":-0.8723780512809753},"size":1.6027848720550538,"orthographic":false}