{"cameraMode":{"drawMode":0,"name":"Shaded","section":"Shading Mode"},"sceneLighting":true,"audioPlay":false,"sceneViewState":{"m_AlwaysRefresh":false,"showFog":true,"showSkybox":true,"showFlares":true,"showImageEffects":true,"showParticleSystems":true,"showVisualEffectGraphs":true,"m_FxEnabled":true},"in2DMode":false,"pivot":{"x":-3.6599974632263185,"y":2.4126715660095217,"z":0.056308746337890628},"rotation":{"x":-0.026473047211766244,"y":0.930794358253479,"z":-0.06882748007774353,"w":-0.35802292823791506},"size":2.975956439971924,"orthographic":false}